Company Name,Website,City,Segment,What They Make,Revenue Band,Decision Maker,DM Title,DM Background,C1 Manufacturer Score,C1 Evidence,C2 India Score,C2 Evidence,C3 Differentiation Score,C3 Evidence,C4 Tech DM Score,C4 Evidence,C5 Tailwind Score,C5 Evidence,C6 Growth Score,C6 Evidence,Federer Score,Score Band,Verdict,Verdict Reasoning,Personalization Hook
ACE Medical Devices,acemedicaldevices.com,Pune,Medical devices,"Specialized surgical instruments, urology, and gastroenterology devices",<Rs.30Cr,Vikas Sethi,Director,Decades of operational experience in medical device manufacturing,Strong,In-house manufacturing facility in Pune with ISO 13485:2016 certification.,Strong,HQ and manufacturing in Pune.,Strong,Highly regulated medical instruments requiring CE marks and cleanroom manufacturing.,Moderate,Leadership has deep industry experience but lacks public PhD/Engineering pedigree.,Strong,Medical devices PLI scheme and Make-in-India healthcare push.,Moderate,Steady capacity expansion to meet ISO standards but low visible hiring.,75,B — Probable Federer,Fit,"Strong manufacturing IP in a regulated space. Revenue is small, but they are a true Federer profile building capability.",Saw your recent CE certifications for the urology line—impressive cleanroom manufacturing capability out of Pune.
Melzer Chemicals,melzerchemicals.com,Pune,Specialty chemicals,"Biocides, water treatment polymers, paper sizing chemicals",Rs.30-100Cr,Makarand Dixit,MD,Chemical Engineer,Strong,Dedicated manufacturing plant in Pune.,Strong,HQ in Pune.,Strong,Niche biocide formulations; not bulk commodities.,Strong,MD is a Chemical Engineer.,Moderate,Water treatment and sustainability tailwinds.,Strong,Active export expansion and recent facility upgrades.,85,A — Strong Federer,Strong Pass,Textbook technical founder running a specialized chemical manufacturing plant with export growth.,Your specialty biocide formulations for water circulation systems are exactly the kind of technical IP we love to see.
Clean Science and Technology,cleanscience.co.in,Pune,Specialty chemicals,"MEHQ, BHA, Guaiacol, HALS series",>Rs.500Cr,Ashok Boob,Founder & MD,ICT Alumni (Chemical Engineering),Strong,Massive manufacturing plants in Kurkumbh.,Strong,HQ in Pune.,Strong,Proprietary catalytic processes.,Strong,Founder is ICT alumni.,Strong,China+1 specialty chem tailwind.,Strong,Massive revenue growth.,0,D — Not ICP,Fail — Auto-disqualify,"Revenue is over Rs.1000Cr. An incredible company, but they have completely outgrown the MSME ICP.",N/A
Demech Chemical Products,demechchemical.com,Pune,Performance chemicals,"Wear-resistant compounds, ceramic coatings, industrial epoxies",Rs.50-100Cr,K.D. Deshpande,MD,Metallurgical expert,Strong,Manufacturing facility in Bhosari, Pune.,Strong,HQ in Pune.,Strong,Proprietary ceramic and epoxy formulations for heavy industry.,Strong,Technical leadership in metallurgy and surface engineering.,Moderate,Infrastructure and heavy industry growth.,Moderate,Steady operations with consistent industrial client acquisition.,75,B — Probable Federer,Fit,"Solid Federer fit. Niche performance chemicals solving specific industrial wear problems.",Your ceramic coatings and wear-resistant epoxies are solving critical infrastructure challenges.
Spaco Technologies,spacotech.com,Pune,Precision engineering,"Carbide tools, precision machined aero/auto components",Rs.100-300Cr,Sanjeev Sharma,MD,Mechanical Engineer,Strong,Multiple machining facilities in Pune.,Strong,HQ in Pune.,Strong,High-precision aerospace and automotive components requiring tight tolerances.,Strong,Engineering background leading technical operations.,Moderate,Aerospace and defence manufacturing indigenization.,Strong,Adding new CNC lines and hiring engineers.,85,A — Strong Federer,Strong Pass,Strong technical leadership pivoting precision engineering into higher-value aerospace components.,Your recent investments in new multi-axis CNC lines for aerospace components caught my eye.
Polybond India,polybondindia.com,Pune,Performance chemicals,"Rubber-to-metal bonded mounts, NVH parts",Rs.100-300Cr,Adit Rathi,MD,Gen-2 Technical Leader,Strong,Plants in Pune.,Strong,HQ in Pune.,Strong,Specialized NVH (Noise Vibration Harshness) testing and proprietary rubber compounds.,Moderate,Gen-2 led; operationally technical but relies on engineering team.,Moderate,Auto-component export growth.,Strong,New plants and expanding export footprint.,70,B — Probable Federer,Fit,"Great manufacturing depth in NVH, though slightly closer to traditional auto-components than deep specialty.",Your in-house NVH testing lab proves you aren't just molding rubber; you are engineering solutions.
Aquapharm Chemicals,aquapharm.net,Pune,Specialty chemicals,Phosphonates and water treatment chemicals,>Rs.500Cr,Dharmesh Mehta,MD,N/A,Strong,Multiple large-scale plants.,Strong,HQ in Pune.,Strong,Largest manufacturer of phosphonates in India.,Fail,Acquired/backed by Private Equity.,Strong,Global water treatment demand.,Strong,High revenue growth.,0,D — Not ICP,Fail — Auto-disqualify,"PE-backed and revenue exceeds Rs.500Cr. No longer founder-driven.",N/A
BioEra Life Sciences,bioeraindia.com,Pune,Specialty diagnostics,"Educational and diagnostic biotech kits, lab instruments",<Rs.30Cr,Dr. Rutwik B.,Founder,PhD in Biosciences,Moderate,Assembles kits and manufactures basic lab instruments.,Strong,HQ in Pune.,Moderate,Good technical depth but straddles the line between manufacturing and trading/assembly.,Strong,PhD scientist founder.,Strong,Biotech education and localized diagnostics push.,Moderate,Steady growth in educational sector.,65,B — Probable Federer,Fit (Borderline),"Scientist-founder, but the manufacturing depth (vs assembly) needs verification.",A PhD-led biotech equipment company building the tools for India's next generation of scientists is a rare find.
Chetas Control Systems,chetascontrol.com,Pune,Industrial sensors,"Ultrasonic flow meters, IoT water sensors",Rs.30-100Cr,Suhas Joshi,MD,Electronics Engineer,Strong,In-house assembly and calibration labs.,Strong,HQ in Pune.,Strong,Proprietary ultrasonic sensing technology and IoT integration.,Strong,Engineer founder.,Strong,Smart city and municipal water monitoring projects.,Strong,Winning massive municipal tenders.,90,A — Strong Federer,Strong Pass,Incredible fit. Engineer founder building proprietary IoT flow meters for smart infrastructure.,Your proprietary ultrasonic flow meters are exactly the kind of deep-tech hardware India needs for smart water management.
Biorad Medisys,bioradmedisys.com,Pune,Medical devices,"Orthopedic implants, surgical consumables",Rs.100-300Cr,J.M. Hegde,MD,N/A,Strong,Massive cleanroom facility in Pune.,Strong,HQ in Pune.,Strong,CE marked orthopedic implants; deep regulatory IP.,Moderate,Operationally technical but specific academic credentials unclear.,Strong,Medical device PLI.,Strong,Expanding orthopedic product lines and exports.,75,B — Probable Federer,Fit,"Strong specialty manufacturer. Deep IP in ortho implants.",Your ISO 13485 facility and CE-marked ortho implants show a serious commitment to global standards.
Adler Mediequip,adlermediequip.com,Pune,Medical devices,Orthopedic implants,>Rs.500Cr,N/A,N/A,N/A,Strong,Plant in Pune.,Strong,HQ in Pune.,Strong,High-end implants.,Fail,Acquired by Smith & Nephew.,Strong,Healthcare.,Moderate,Stable.,0,D — Not ICP,Fail — Auto-disqualify,"Acquired by global giant Smith & Nephew. No longer an independent MSME.",N/A
Fast Track Communications,fasttrack.in,Pune,Defence electronics,Tactical communication systems for military,Rs.30-100Cr,Vikas Patil,Director,Electronics & Telecomm Engineer,Strong,Manufacturing and testing lab in Pune.,Strong,HQ in Pune.,Strong,Mil-grade spec communication hardware.,Strong,Engineer leadership.,Strong,Defence indigenization.,Strong,Active DRDO/Military supplier with growing order book.,90,A — Strong Federer,Strong Pass,Deep IP in defence electronics with technical leadership.,Building Mil-grade tactical communication systems in Pune is exactly the kind of capability DeepThought works with.
Electronica Machine Tools,electronicagroup.com,Pune,Precision engineering,"EDM machines, CNC wire cut machines",Rs.100-300Cr,Ratnakar Kore,MD,Mechanical Engineer,Strong,Pioneers of EDM manufacturing in India; plants in Pune.,Strong,HQ in Pune.,Strong,Deep IP in electrical discharge machining.,Strong,Engineering leadership.,Moderate,General manufacturing growth.,Moderate,Mature company; steady but not explosive growth.,75,B — Probable Federer,Fit,"A legacy engineering company. Less of a 'startup' growth feel, but deep technical IP.",As the pioneers of EDM in India, your technical institutional knowledge is unmatched.
Enzene Biosciences,enzene.com,Pune,Specialty biotech,Biosimilars and continuous manufacturing,>Rs.500Cr,Himanshu Gadgil,CEO,PhD,Strong,State-of-the-art continuous manufacturing plant.,Strong,HQ in Pune.,Strong,First-in-the-world continuous manufacturing for certain mAbs.,Strong,PhD leadership.,Strong,Biologics tailwind.,Strong,Massive growth.,0,D — Not ICP,Fail — Auto-disqualify,"Subsidiary of Alkem Laboratories. Not an independent founder-driven MSME.",N/A
Greenovative Energy,greenovative.co.in,Pune,Industrial sensors,Energy monitoring IoT systems and sensors,<Rs.30Cr,Prashant Deshmukh,Founder,Embedded Systems Engineer,Moderate,Hardware-software integration; outsources some PCB fabrication.,Strong,HQ in Pune.,Moderate,Strong software IP but hardware is somewhat commoditized.,Strong,Engineer founder.,Strong,Energy efficiency and ESG mandates.,Strong,Fast client acquisition.,65,B — Probable Federer,Fit (Borderline),"Great founder, but need to verify they don't lean too heavily on SaaS over physical hardware manufacturing.",Your approach to energy monitoring combining edge hardware with analytics is a smart play on ESG trends.
Nichem Solutions,nichemsolutions.com,Pune,Specialty chemicals,Specialty water treatment and agrochemicals,Rs.30-100Cr,Rajan Venkateswaran,MD,Chemical technologist,Strong,Plant in Ambegaon.,Strong,HQ in Pune.,Strong,Proprietary zero-liquid-discharge chemistry.,Strong,Deep technical expertise in water chemistry.,Strong,Sustainability mandates.,Moderate,Steady regional growth.,80,A — Strong Federer,Strong Pass,Technical founder solving hard chemical problems in water treatment.,Your zero-liquid-discharge chemical formulations are solving one of the biggest headaches for Indian manufacturers.
Yash Metallics,yashmetallics.com,Pune,Precision engineering,Machined iron castings for auto,Rs.100-300Cr,Yashwant Patil,MD,Metallurgist,Strong,Foundry and machining setups.,Strong,HQ in Pune.,Weak,High-quality but ultimately commodity auto-castings.,Moderate,Operationally technical.,Moderate,Auto sector stability.,Moderate,Stable capacity.,45,C — Borderline,Borderline,"Strong manufacturer, but borderline on C3 (Differentiation). Castings are often commodity unless highly specialized.",N/A
Vimta Labs (Pune Branch),vimta.com,Pune,Contract research,Analytical testing services,<Rs.30Cr,N/A,N/A,N/A,Fail,Service company (testing); no product.,Strong,Branch in Pune.,Moderate,Specialized testing.,Not scored,N/A,Not scored,N/A,Not scored,N/A,0,D — Not ICP,Fail — Auto-disqualify,Service company. CRO/Testing lab.,N/A
Sika India,sika.com,Pune,Performance chemicals,Construction chemicals,>Rs.500Cr,N/A,N/A,N/A,Strong,Plant in Pune.,Strong,HQ in Mumbai/Pune.,Strong,Proprietary construction chems.,Fail,Subsidiary of Swiss MNC.,Strong,Infra boom.,Strong,Growing.,0,D — Not ICP,Fail — Auto-disqualify,Subsidiary of a global MNC.,N/A
MyLab Discovery Solutions,mylabdiscoverysolutions.com,Pune,Specialty diagnostics,Molecular diagnostic kits (RT-PCR),>Rs.500Cr,Hasmukh Rawal,MD,Biotech researcher,Strong,Massive automated IVD plant in Pune.,Strong,HQ in Pune.,Strong,Deep IP in molecular diagnostics.,Strong,Scientist founder.,Strong,Healthcare localization.,Strong,Explosive COVID growth.,0,D — Not ICP,Fail — Auto-disqualify,"Fantastic company, but revenue exploded past Rs.500Cr during COVID.",N/A
Sanjeev Auto Parts,sanjeevgroup.com,Pune,Precision engineering,Transmission components,Rs.300-500Cr,Sanjeev K.,MD,Engineer,Strong,Large machining lines.,Strong,HQ in Pune.,Weak,Commodity auto parts.,Moderate,Experienced engineer.,Moderate,Auto sector.,Moderate,Stable.,45,C — Borderline,Borderline,Too close to a commodity auto job-shop.,N/A
Praj Industries,praj.net,Pune,Specialty biotech,Ethanol plants and bioprocessing equipment,>Rs.500Cr,Pramod Chaudhari,Founder,IIT Bombay (Mech),Strong,Massive manufacturing capability.,Strong,HQ in Pune.,Strong,Global leader in bioethanol IP.,Strong,IIT engineer founder.,Strong,Biofuels tailwind.,Strong,Massive growth.,0,D — Not ICP,Fail — Auto-disqualify,"Revenue over Rs.3000Cr. Legendary engineering company, but too large.",N/A
Kulkarni Power Tools,kpt.co.in,Pune,Precision engineering,Power tools and blowers,Rs.100-300Cr,Prakash Kulkarni,MD,Engineer,Strong,Plant in Shirol/Pune.,Strong,HQ in Pune.,Moderate,Established brand but facing cheap imports.,Moderate,Technical management.,Weak,Commoditizing market.,Weak,Stagnant.,40,C — Borderline,Borderline,Struggling with differentiation against imports.,N/A
Gennova Biopharmaceuticals,gennova.bio,Pune,Specialty biotech,mRNA vaccines and biosimilars,>Rs.500Cr,Dr. Sanjay Singh,CEO,Scientist,Strong,Vaccine manufacturing.,Strong,HQ in Pune.,Strong,mRNA technology pioneer.,Strong,Scientist led.,Strong,Biotech boom.,Strong,Massive growth.,0,D — Not ICP,Fail — Auto-disqualify,Subsidiary of Emcure Pharmaceuticals.,N/A
Science for Society,s4stech.com,Pune,Specialty agri-inputs,Solar conduction dryers for agri-processing,<Rs.30Cr,Vaibhav Tidke,CEO,ICT Mumbai (PhD),Strong,Manufactures specialized solar dryers.,Strong,HQ in Pune.,Strong,Patented solar conduction tech.,Strong,PhD founder.,Strong,Agri-tech push.,Strong,Rapid startup scaling.,95,A — Strong Federer,Strong Pass,Scientist founder building patented hardware to solve agricultural waste.,Your PhD work at ICT translating directly into patented solar conduction dryers is the definition of applied science.